id,username,first_name,last_name,phone,is_premium,last_online,source_group
0,user__0,User0,Last0,+10000000000,true,1760332656,@python
1,user__1,User1,Last1,,false,1760332656,@python
2,user__2,User2,Last2,,false,1760332656,@python
3,user__3,User3,Last3,,false,1760332656,@python
4,user__4,User4,Last4,,false,1760332656,@python
5,user__5,User5,Last5,+10000000005,false,1760332656,@python
6,user__6,User6,Last6,,false,1760332656,@python
7,user__7,User7,Last7,,false,1760332656,@python
8,user__8,User8,Last8,,false,1760332656,@python
9,user__9,User9,Last9,,false,1760332656,@python
10,user__10,User10,Last10,+10000000010,true,1760332656,@python
11,user__11,User11,Last11,,false,1760332656,@python
12,user__12,User12,Last12,,false,1760332656,@python
13,user__13,User13,Last13,,false,1760332656,@python
14,user__14,User14,Last14,,false,1760332656,@python
15,user__15,User15,Last15,+10000000015,false,1760332656,@python
16,user__16,User16,Last16,,false,1760332656,@python
17,user__17,User17,Last17,,false,1760332656,@python
18,user__18,User18,Last18,,false,1760332656,@python
19,user__19,User19,Last19,,false,1760332656,@python
20,user__20,User20,Last20,+10000000020,true,1760332656,@python
21,user__21,User21,Last21,,false,1760332656,@python
22,user__22,User22,Last22,,false,1760332656,@python
23,user__23,User23,Last23,,false,1760332656,@python
24,user__24,User24,Last24,,false,1760332656,@python
25,user__25,User25,Last25,+10000000025,false,1760332656,@python
26,user__26,User26,Last26,,false,1760332656,@python
27,user__27,User27,Last27,,false,1760332656,@python
28,user__28,User28,Last28,,false,1760332656,@python
29,user__29,User29,Last29,,false,1760332656,@python
30,user__30,User30,Last30,+10000000030,true,1760332656,@python
31,user__31,User31,Last31,,false,1760332656,@python
32,user__32,User32,Last32,,false,1760332656,@python
33,user__33,User33,Last33,,false,1760332656,@python
34,user__34,User34,Last34,,false,1760332656,@python
35,user__35,User35,Last35,+10000000035,false,1760332656,@python
36,user__36,User36,Last36,,false,1760332656,@python
37,user__37,User37,Last37,,false,1760332656,@python
38,user__38,User38,Last38,,false,1760332656,@python
39,user__39,User39,Last39,,false,1760332656,@python
40,user__40,User40,Last40,+10000000040,true,1760332656,@python
41,user__41,User41,Last41,,false,1760332656,@python
42,user__42,User42,Last42,,false,1760332656,@python
43,user__43,User43,Last43,,false,1760332656,@python
44,user__44,User44,Last44,,false,1760332656,@python
45,user__45,User45,Last45,+10000000045,false,1760332656,@python
46,user__46,User46,Last46,,false,1760332656,@python
47,user__47,User47,Last47,,false,1760332656,@python
48,user__48,User48,Last48,,false,1760332656,@python
49,user__49,User49,Last49,,false,1760332656,@python
